time,x,y,z,qx,qy,qz,qw,roll,pitch,yaw
1740825444.4470456,-3.848470458984375,0.05904481887817383,1.7992012939453126,-0.10685762017965317,-0.13318835198879242,-0.025799330323934555,0.9849754571914673,-0.21296315569122748,-0.2712004890871575,-0.023209344105761524
1740825444.4571073,-3.84718896484375,0.0579299201965332,1.799325927734375,-0.10368981212377548,-0.13388195633888245,-0.027005605399608612,0.9851876497268677,-0.20609855375337005,-0.272767992429087,-0.02642677830755971
1740825444.4670894,-3.8457138671875,0.05717839431762695,1.7995693359375,-0.10358599573373795,-0.1346893161535263,-0.027492068707942963,0.985075056552887,-0.20577226712170898,-0.2744876172707893,-0.027284318155808836
1740825444.4773035,-3.844201416015625,0.05642833709716797,1.7997156982421876,-0.10024292767047882,-0.1358392834663391,-0.02642294019460678,0.9852922558784485,-0.19918850380699135,-0.27648956042617634,-0.02581812361300593
1740825444.487138,-3.84254443359375,0.05571492385864258,1.80022265625,-0.09795478731393814,-0.13678987324237823,-0.026198552921414375,0.9853968620300293,-0.1945440838476795,-0.2782955582188609,-0.025830070772439342
1740825444.4970324,-3.841004150390625,0.05485107803344726,1.800608154296875,-0.0980052724480629,-0.13731282949447632,-0.02693668194115162,0.9852992296218872,-0.1944528537452396,-0.2794929636617561,-0.027226361422903186
1740825444.507256,-3.83893701171875,0.05383602523803711,1.801040771484375,-0.09964200109243393,-0.13611844182014465,-0.02829010970890522,0.9852628707885742,-0.19742432930927833,-0.27740694860080806,-0.029762232387502335
1740825444.517201,-3.83674853515625,0.05332062149047852,1.8018861083984374,-0.10429931432008743,-0.13522017002105713,-0.028627121821045876,0.9848947525024414,-0.20694556436320213,-0.2758104474979079,-0.02929385954042971
1740825444.5272186,-3.83421337890625,0.05369990921020508,1.802756103515625,-0.11327643692493439,-0.13437815010547638,-0.02491595968604088,0.9841189980506897,-0.2265416991442263,-0.27353111314473993,-0.019316050319186182
1740825444.5373614,-3.83152734375,0.055112796783447264,1.8043048095703125,-0.12412595003843307,-0.13535326719284058,-0.017237607389688492,0.9828402996063232,-0.25121566585476024,-0.27374675991909747,-0.0002928282092370311
1740825444.5472515,-3.8280146484375,0.057152565002441404,1.805187744140625,-0.11917372792959213,-0.14011168479919434,-0.002554066479206085,0.982934296131134,-0.24546417342475865,-0.2796818882390893,0.02952569829759967
1740825444.5571034,-3.82752392578125,0.05511914825439453,1.811624755859375,-0.11767623573541641,-0.15626269578933716,-0.0017430096631869674,0.9806789755821228,-0.244360279420129,-0.3119312882629759,0.03505672390684601
1740825444.5674133,-3.825971923828125,0.04941692352294922,1.8170810546875,-0.07679049670696259,-0.17547059059143066,-0.007369539700448513,0.9814575910568237,-0.15853604058720266,-0.3528415563572251,0.013303076063587944
1740825444.5769758,-3.8218203125,0.04449413299560547,1.8198629150390624,-0.11744295805692673,-0.16514788568019867,-0.03794903680682182,0.9785158038139343,-0.23246998351437334,-0.3385431992457755,-0.0376202680362143
1740825444.5872037,-3.816090087890625,0.03889056015014648,1.82503759765625,-0.1351473033428192,-0.1594511717557907,-0.05364034324884415,0.9764390587806702,-0.2641330658159952,-0.33195022066061747,-0.06526072177235742
1740825444.5971475,-3.807541259765625,0.035098785400390624,1.8313514404296876,-0.13245557248592377,-0.15303166210651398,-0.060590293258428574,0.9774280786514282,-0.2560894686122185,-0.32067363839768753,-0.0821826816828958
1740825444.607086,-3.79419384765625,0.031467658996582035,1.830728271484375,-0.09708428382873535,-0.13437515497207642,-0.05032401159405708,0.984878420829773,-0.1858729062942589,-0.2780257091780631,-0.07602443299657326
1740825444.6170652,-3.78049609375,0.022465953826904295,1.826492919921875,-0.14552532136440277,-0.10129843652248383,-0.07092215865850449,0.9815961718559265,-0.2818244731383025,-0.22131245593421434,-0.11273321820517802
1740825444.6272104,-3.767624267578125,0.017087017059326172,1.8289320068359376,-0.09707916527986526,-0.1075015664100647,-0.061029206961393356,0.9875699877738953,-0.18433066076827115,-0.2261015090483049,-0.10245108303067361
1740825444.6369848,-3.756213623046875,0.011754549026489258,1.82935400390625,-0.09734144061803818,-0.11579418182373047,-0.06667318940162659,0.9862408638000488,-0.18296259754720545,-0.2437897465624415,-0.11252618530061596
1740825444.6472337,-3.744298828125,0.006074073791503906,1.82704248046875,-0.1207408607006073,-0.12279843538999557,-0.07635688781738281,0.9820955991744995,-0.2281348814661153,-0.2626477546232299,-0.12492363509980371
1740825444.6571786,-3.73330908203125,-0.0008813775181770325,1.82392919921875,-0.09669868648052216,-0.13681945204734802,-0.07764711230993271,0.9828025102615356,-0.17699405619020167,-0.28791090089350807,-0.13196158353703377
1740825444.667196,-3.715850341796875,-0.004974992275238037,1.8085836181640624,-0.10085827112197876,-0.1254129856824875,-0.07638788223266602,0.9840040802955627,-0.1869191579360203,-0.26532456830925605,-0.1299333200478465
1740825444.6771648,-3.708521240234375,-0.011840850830078124,1.817170654296875,-0.12134822458028793,-0.1605769693851471,-0.09359224140644073,0.9750539064407349,-0.22112206514705204,-0.34251484081238676,-0.15299184617231154
1740825444.6873777,-3.69400048828125,-0.0165462589263916,1.8127891845703126,-0.07501450926065445,-0.17937184870243073,-0.08001381158828735,0.9776483774185181,-0.1269334397907316,-0.37119530458779004,-0.13945851547844998
1740825444.6972172,-3.6808369140625,-0.021906490325927733,1.8129097900390625,-0.10823364555835724,-0.18566957116127014,-0.09476576745510101,0.9720245599746704,-0.1907086534631118,-0.3913800273688957,-0.1564580626525076
1740825444.7072296,-3.66694677734375,-0.028178442001342775,1.8149483642578126,-0.08746770769357681,-0.19353148341178894,-0.08793866634368896,0.9732223749160767,-0.14861556638982892,-0.4028936247889527,-0.1498236312728911
1740825444.7171247,-3.6490673828125,-0.030546627044677734,1.811899658203125,-0.11919964104890823,-0.1729598492383957,-0.09604732692241669,0.9729600548744202,-0.21460647803354307,-0.367693067052404,-0.15674185874691485
1740825444.7272363,-3.633848876953125,-0.038553363800048826,1.816484130859375,-0.13598661124706268,-0.16089245676994324,-0.10736791789531708,0.9716446995735168,-0.24694148085679837,-0.34889734262104594,-0.176372904467692
1740825444.737193,-3.61003076171875,-0.044490928649902346,1.806951904296875,-0.1033555194735527,-0.12937061488628387,-0.08549663424491882,0.9824821949005127,-0.18917858729608475,-0.27534788508295155,-0.147317059222165
1740825444.7471952,-3.58715380859375,-0.05093681335449219,1.7917447509765625,-0.13318069279193878,-0.09107404947280884,-0.09642240405082703,0.9821767210960388,-0.2519824587504669,-0.20603955112667963,-0.1695285239009682
1740825444.7570763,-3.568058837890625,-0.05863612747192383,1.7854444580078126,-0.0979006364941597,-0.08521527796983719,-0.08539669960737228,0.9878568649291992,-0.1830343459572641,-0.18615508405416087,-0.15533090896382024
1740825444.7672338,-3.548957275390625,-0.06287120056152344,1.7756947021484375,-0.1197323426604271,-0.0694720596075058,-0.08529984951019287,0.9866923093795776,-0.22926653047670148,-0.1581802113967755,-0.15422167162769598
1740825444.7771344,-3.52891162109375,-0.06962677764892578,1.761551513671875,-0.10302434861660004,-0.07122970372438431,-0.0839545726776123,0.9885666370391846,-0.1954171674808718,-0.15879586780387678,-0.1538467717750365
1740825444.7871227,-3.511040771484375,-0.0754952163696289,1.7484912109375,-0.12420395016670227,-0.07085955888032913,-0.0872945785522461,0.9858660697937012,-0.23785110770954987,-0.1621098386857076,-0.15721917385908224
1740825444.7971916,-3.495462890625,-0.0805042724609375,1.752591796875,-0.0860946998000145,-0.11342425644397736,-0.07659807801246643,0.986841082572937,-0.15767562090297807,-0.23933107562202718,-0.13593056791989572
1740825444.8072429,-3.4745654296875,-0.08613279724121094,1.739970703125,-0.09756287187337875,-0.10646848380565643,-0.07973634451627731,0.9863001704216003,-0.1811046203970552,-0.22753668716312073,-0.1405875786787083
1740825444.817236,-3.456580322265625,-0.09164026641845703,1.7414229736328124,-0.09519608318805695,-0.1271764189004898,-0.07679074257612228,0.9843104481697083,-0.17498812159441668,-0.26818578217073497,-0.13204848345889025
1740825444.82725,-3.43604833984375,-0.09585462951660156,1.736419189453125,-0.09987688809633255,-0.1267394721508026,-0.07230278104543686,0.984242856502533,-0.18590163172215915,-0.26709192964367046,-0.1216112526133482
1740825444.8371856,-3.414760986328125,-0.1015777359008789,1.7331951904296874,-0.12434431165456772,-0.11848541349172592,-0.08008690923452377,0.9818786978721619,-0.23490576267542657,-0.2553595466334702,-0.1324757321035173
1740825444.847287,-3.393109375,-0.10940867614746094,1.731100341796875,-0.10386780649423599,-0.11588065326213837,-0.07345957309007645,0.9850821495056152,-0.1946640590210555,-0.24603892758965482,-0.12472437939610975
1740825444.8571663,-3.36910888671875,-0.11449508666992188,1.7271282958984375,-0.13293544948101044,-0.09096908569335938,-0.07846306264400482,0.9838172197341919,-0.2551439316142558,-0.2012098865522339,-0.13327560951105807
1740825444.8672197,-3.34172021484375,-0.12412071228027344,1.709313232421875,-0.07848749309778214,-0.07007400691509247,-0.06853404641151428,0.9920849204063416,-0.14833861864287434,-0.15036280474755556,-0.1267487222336865
1740825444.8772206,-3.317096923828125,-0.13108058166503905,1.6980869140625,-0.12596836686134338,-0.04326106235384941,-0.07386375218629837,0.9883342385292053,-0.24641903727604222,-0.104310834308213,-0.13626477821972377
1740825444.8872874,-3.292487060546875,-0.13703077697753907,1.6835107421875,-0.09101640433073044,-0.03242840990424156,-0.06471765786409378,0.993215024471283,-0.17805458332396912,-0.07627142911998487,-0.12332405093208505
1740825444.897363,-3.2696875,-0.14373954772949218,1.673864501953125,-0.0875033363699913,-0.03700820356607437,-0.06368645280599594,0.9934372901916504,-0.17058001136910247,-0.08477772530218464,-0.120786539487742
1740825444.9071934,-3.24544140625,-0.15008096313476563,1.651157470703125,-0.10523965209722519,-0.02420404739677906,-0.06252302974462509,0.9921842813491821,-0.20768378288157435,-0.061227803091423734,-0.11948172241531271
1740825444.91715,-3.22516259765625,-0.15705903625488282,1.6557896728515624,-0.08853656053543091,-0.06256546825170517,-0.06437277048826218,0.9920196533203125,-0.16998327618739834,-0.1359494230278032,-0.11799932981492509
1740825444.927282,-3.19907421875,-0.16292642211914063,1.639262451171875,-0.06537406891584396,-0.05683742091059685,-0.05779251456260681,0.994563102722168,-0.12469863235055123,-0.12090743469724409,-0.10852889463328286
1740825444.9369435,-3.176000244140625,-0.17039364624023437,1.637333984375,-0.10685790330171585,-0.06536626070737839,-0.06820053607225418,0.9897764325141907,-0.20620617068212266,-0.1444735585011804,-0.12261804580864566
1740825444.947225,-3.150056396484375,-0.17416552734375,1.6304307861328124,-0.08696463704109192,-0.07019426673650742,-0.056318413466215134,0.992138147354126,-0.16729549883747535,-0.1496380608090826,-0.10083821413534755
1740825444.9571579,-3.1246572265625,-0.1809027099609375,1.6239339599609375,-0.12384865432977676,-0.06035599857568741,-0.06481664627790451,0.9883407354354858,-0.2415279952265211,-0.13577629349757334,-0.11447294443432511
1740825444.9670813,-3.09820947265625,-0.1896664581298828,1.619279296875,-0.08013897389173508,-0.07012581080198288,-0.05932232365012169,0.9925426840782166,-0.15305481318563924,-0.1492674628610411,-0.10792745699050917
1740825444.9771607,-3.07033642578125,-0.19545979309082032,1.6130615234375,-0.11209051311016083,-0.055630527436733246,-0.06366977095603943,0.9900944828987122,-0.21828897957466423,-0.12475588135651229,-0.11474838683859294
1740825444.9873507,-3.04043701171875,-0.20552542114257813,1.6010950927734375,-0.07528507709503174,-0.03810431435704231,-0.05693121626973152,0.9948060512542725,-0.1464934936646452,-0.08448541553620292,-0.10812916562354263
1740825444.9972851,-3.01104541015625,-0.2132302703857422,1.582518310546875,-0.08907719701528549,-0.013136403635144234,-0.06074229255318642,0.9940840601921082,-0.17654001260721158,-0.03694728870506986,-0.11878559983793657
1740825445.0072758,-2.9824853515625,-0.22025321960449218,1.568571044921875,-0.09885113686323166,0.004066144581884146,-0.059200409799814224,0.9933313727378845,-0.19816094843395454,-0.0036260056631700426,-0.11869442035863287
1740825445.017186,-2.954724609375,-0.22795582580566406,1.5543577880859376,-0.07088696211576462,0.004704989027231932,-0.05613074079155922,0.9958927035331726,-0.1421986785708528,0.0014134535135101889,-0.11270600271071564
1740825445.0271773,-2.926579833984375,-0.23434432983398437,1.5363388671875,-0.09206351637840271,0.010409357957541943,-0.054417047649621964,0.9942106008529663,-0.1852623977879129,0.010678741718701869,-0.11035076274006195
1740825445.0372593,-2.89963720703125,-0.24151292419433593,1.5226170654296876,-0.10148730874061584,-0.001384445116855204,-0.05890451371669769,0.9930904507637024,-0.20281848534569638,-0.01470641005549056,-0.11699334564867583
1740825445.0472667,-2.872501220703125,-0.24891680908203126,1.5191666259765626,-0.06613083928823471,-0.030840102583169937,-0.05669810250401497,0.9957212805747986,-0.12886046702841505,-0.06896994998794115,-0.10930896884029952
1740825445.0573008,-2.842875244140625,-0.25490492248535157,1.50402294921875,-0.09866830706596375,-0.022523444145917892,-0.06039663404226303,0.9930304884910583,-0.19478073915420385,-0.05668174471279428,-0.11595214535022967
1740825445.0670245,-2.814120361328125,-0.2626912841796875,1.5018115234375,-0.09329740703105927,-0.04878395050764084,-0.06021515652537346,0.992617666721344,-0.1813921485536307,-0.10829501377002401,-0.11131897361463931
1740825445.0772142,-2.78364501953125,-0.2657642517089844,1.492269287109375,-0.10969994962215424,-0.05026122182607651,-0.052882175892591476,0.9912835955619812,-0.2151530405437871,-0.11147935873368146,-0.09454192423852849
1740825445.0871708,-2.75366259765625,-0.27262579345703125,1.488472412109375,-0.1380234658718109,-0.05643819272518158,-0.05893945321440697,0.9870615005493164,-0.27133333774297863,-0.1280355178783022,-0.10178146151834219
1740825445.097082,-2.721939453125,-0.28031503295898436,1.481627197265625,-0.09936024993658066,-0.0675080344080925,-0.04774799942970276,0.9916099905967712,-0.1938072054774461,-0.14386756226122327,-0.08222063299747286
1740825445.107191,-2.689650634765625,-0.28490667724609375,1.4745614013671875,-0.12422991544008255,-0.06519053876399994,-0.04941004514694214,0.9888759851455688,-0.24409207012516584,-0.1416806625680813,-0.08244207375312877
1740825445.1171443,-2.6562900390625,-0.29495040893554686,1.46658740234375,-0.11596404016017914,-0.0532103031873703,-0.047868069261312485,0.9906713366508484,-0.22818657292633188,-0.1167951433766881,-0.0831638372957593
1740825445.1271155,-2.621670166015625,-0.3018197937011719,1.4471756591796876,-0.1341719925403595,-0.03260524943470955,-0.050347015261650085,0.989141047000885,-0.26607672061064996,-0.07809204338949984,-0.0912555017589107
1740825445.137243,-2.588280029296875,-0.31021542358398435,1.4327833251953126,-0.13006196916103363,-0.02511780709028244,-0.047486212104558945,0.9900495409965515,-0.25851304685316434,-0.06212800406819706,-0.08777545529821361
1740825445.147237,-2.555125,-0.3170268859863281,1.4187889404296874,-0.11887051910161972,-0.02065582014620304,-0.04208630695939064,0.9918023347854614,-0.23655831906236222,-0.05100073060266325,-0.07875554348153234
1740825445.1572847,-2.521302734375,-0.32374417114257814,1.3991270751953124,-0.1463734358549118,-0.00798859354108572,-0.041661690920591354,0.988319456577301,-0.29294697021006505,-0.027990548099488494,-0.08012855148574446
1740825445.167141,-2.48979296875,-0.33253289794921875,1.386745361328125,-0.13418589532375336,-0.028125807642936707,-0.04750269651412964,0.989417314529419,-0.2666245209227916,-0.068458162075259,-0.08676359634826787
1740825445.177163,-2.457498779296875,-0.33872430419921873,1.3799935302734374,-0.09103628993034363,-0.05113286152482033,-0.038209278136491776,0.9937996864318848,-0.17904433202447265,-0.10880305501750451,-0.06708151824249291
1740825445.1871083,-2.424979736328125,-0.3460042724609375,1.369342529296875,-0.15618041157722473,-0.046066414564847946,-0.054039351642131805,0.9851727485656738,-0.30943451645188286,-0.10785551436497996,-0.09275802865489852
1740825445.197194,-2.390810791015625,-0.3524540710449219,1.3626927490234375,-0.12671633064746857,-0.07166825234889984,-0.04651462286710739,0.9882525205612183,-0.24928363521441343,-0.15404955940556775,-0.0747269440262525
1740825445.2071292,-2.35717822265625,-0.3574472351074219,1.3556085205078126,-0.12118000537157059,-0.07997992634773254,-0.04123224690556526,0.9885436296463013,-0.23860982304289186,-0.16892256055137198,-0.06307481128049527
1740825445.2171423,-2.322709716796875,-0.3617243347167969,1.349506103515625,-0.1455603986978531,-0.08490448445081711,-0.04298189654946327,0.9847618937492371,-0.28797480861884706,-0.18071636645204633,-0.060966376133276746
1740825445.227035,-2.287989501953125,-0.36860760498046874,1.34376953125,-0.16116884350776672,-0.09321736544370651,-0.047854356467723846,0.9813486337661743,-0.3190214966869383,-0.19970756889711538,-0.06521767008906076
1740825445.2370758,-2.253124755859375,-0.37326223754882815,1.3384219970703124,-0.17910410463809967,-0.09630788117647171,-0.05044746398925781,0.9778044819831848,-0.35547470437407874,-0.2079057911613096,-0.06561632388670469
1740825445.2471733,-2.21550537109375,-0.37915826416015624,1.3302041015625,-0.15363113582134247,-0.09041327238082886,-0.03739011660218239,0.9832725524902344,-0.30553090347451517,-0.19043937698236424,-0.04660794761841421
1740825445.2570722,-2.176754638671875,-0.3868124694824219,1.3106168212890625,-0.20590665936470032,-0.06421743333339691,-0.04861120879650116,0.9752514958381653,-0.41109966937620146,-0.1457909607271248,-0.0691589351359767
1740825445.267082,-2.13987646484375,-0.39329702758789065,1.2980732421875,-0.15179558098316193,-0.07301174104213715,-0.02664414420723915,0.9853514432907104,-0.3033543950804684,-0.15256453574592171,-0.030703372988398637
1740825445.2771263,-2.104020263671875,-0.3981022338867187,1.284723876953125,-0.17625653743743896,-0.060595136135816574,-0.025704020634293556,0.9821411371231079,-0.3532533827545499,-0.12843979847976852,-0.02937553072804953
1740825445.2871728,-2.065936767578125,-0.405310791015625,1.2632027587890624,-0.18462763726711273,-0.05350889265537262,-0.023279212415218353,0.9810746908187866,-0.37054058019966046,-0.1138340967255232,-0.0260906527745157
1740825445.297101,-2.0319730224609374,-0.4121772155761719,1.2576378173828124,-0.16737349331378937,-0.0823405534029007,-0.027081865817308426,0.9820756912231445,-0.3353746380399599,-0.17163636106692645,-0.026014769926675885
1740825445.3071163,-1.995793212890625,-0.4180162353515625,1.2467059326171874,-0.10709168016910553,-0.09650114923715591,-0.010554549284279346,0.9894986152648926,-0.21559548030108344,-0.19445936135932096,-0.000222680400020923
1740825445.3169634,-1.9603548583984376,-0.4228677673339844,1.239345947265625,-0.16147463023662567,-0.10406367480754852,-0.021046346053481102,0.9811491966247559,-0.325390023504093,-0.21259878375431152,-0.007869171153048051
1740825445.3271887,-1.9238712158203124,-0.42675540161132813,1.2318765869140624,-0.1501796692609787,-0.11831418424844742,-0.015859857201576233,0.9814256429672241,-0.30423338236152514,-0.23927341408792085,0.004535457320925083
1740825445.337023,-1.8886439208984376,-0.4312161560058594,1.2268812255859376,-0.14674265682697296,-0.12851515412330627,-0.012696080841124058,0.9807085394859314,-0.2987788073920173,-0.2586730099752633,0.01325641337953441
1740825445.3471265,-1.8521044921875,-0.4339953918457031,1.2221605224609375,-0.15371990203857422,-0.13934840261936188,-0.010280070826411247,0.9781853556632996,-0.31507203349255597,-0.27939860138553685,0.023648799462412207
1740825445.357197,-1.8158138427734376,-0.4387712707519531,1.2183157958984374,-0.15108370780944824,-0.1518753468990326,-0.00989763904362917,0.9767341613769531,-0.3112023646040206,-0.3043513772770763,0.027839970261175313
1740825445.3672802,-1.7779337158203126,-0.4419301147460937,1.2135306396484375,-0.15404753386974335,-0.15490366518497467,-0.006022099405527115,0.9758267998695374,-0.31902743440844283,-0.3090708831644956,0.037770240283085996
1740825445.3773513,-1.742003173828125,-0.44549093627929687,1.2137919921875,-0.1745133101940155,-0.156154066324234,-0.009653838351368904,0.9721459746360779,-0.3611506608422353,-0.31201665867325035,0.037553671777348654
1740825445.3872435,-1.69877880859375,-0.45142819213867186,1.1968287353515625,-0.15406247973442078,-0.13464047014713287,0.000564246263820678,0.978844404220581,-0.31814522669237066,-0.26655563869470544,0.04416426677943861
1740825445.3972259,-1.65997607421875,-0.4565875244140625,1.1864786376953125,-0.18325744569301605,-0.12591631710529327,-0.0033385383430868387,0.9749618768692017,-0.3767198090304982,-0.24932598067193149,0.04091655483486842
1740825445.407287,-1.62094287109375,-0.4607477416992187,1.176196533203125,-0.1362980604171753,-0.12659655511379242,0.014926351606845856,0.9824323654174805,-0.2838984788004427,-0.2471857704926323,0.06588684429179639
1740825445.4171925,-1.5812117919921875,-0.4654453125,1.1602481689453126,-0.1746182143688202,-0.10706022381782532,0.00873993244022131,0.9787595272064209,-0.3589189369881525,-0.20801706859126545,0.05572748527295578
1740825445.4271228,-1.5447174072265626,-0.46949615478515627,1.153502685546875,-0.1900395154953003,-0.12495608627796173,0.0022913555148988962,0.9737893342971802,-0.39206079107564973,-0.244932584496362,0.053579813392075105
1740825445.43716,-1.508731689453125,-0.47392208862304686,1.1483048095703126,-0.1266624480485916,-0.14653654396533966,0.01763223297894001,0.9809040427207947,-0.26765137799804334,-0.2869308631415311,0.07483904560876105
1740825445.447118,-1.47090283203125,-0.47573745727539063,1.1412127685546876,-0.1519094556570053,-0.14868946373462677,0.014526421204209328,0.9770383834838867,-0.3197234597256045,-0.2901930494231328,0.07684588796118924
1740825445.4571142,-1.4350496826171875,-0.4801376953125,1.1402557373046875,-0.16191986203193665,-0.1651570200920105,0.008832146413624287,0.9728448390960693,-0.34206123446969494,-0.32412990478020226,0.07462025908263321
1740825445.4672275,-1.398197265625,-0.48125357055664064,1.13645751953125,-0.14510560035705566,-0.17707738280296326,0.017548248171806335,0.9732831120491028,-0.31194703841739174,-0.34649175769194573,0.09107995213818214
1740825445.4771068,-1.362075439453125,-0.48145242309570313,1.1353726806640625,-0.1540396511554718,-0.18595227599143982,0.01719585992395878,0.9702565670013428,-0.3327623979082898,-0.3634972711484906,0.0971472875766275
1740825445.4872017,-1.325177490234375,-0.48539849853515626,1.135105712890625,-0.15313272178173065,-0.19421620666980743,0.015479383058845997,0.9688089489936829,-0.33214473074370154,-0.3807060000722517,0.09652487407904155
1740825445.4970577,-1.2875028076171875,-0.4867904052734375,1.134375,-0.1538914442062378,-0.20078633725643158,0.018342645838856697,0.9672982096672058,-0.336554414905027,-0.3928198156252236,0.10550054351231597
1740825445.5070662,-1.2511434326171875,-0.4867396850585938,1.1364776611328125,-0.1751863658428192,-0.20302452147006989,0.015315606258809566,0.9632529020309448,-0.3817581395900277,-0.396033360376356,0.10930056633392266
1740825445.5171425,-1.2092044677734375,-0.49008883666992187,1.1290606689453124,-0.1529533416032791,-0.18533560633659363,0.026224179193377495,0.9703444242477417,-0.3336260417925385,-0.3593401289562343,0.11518351713202557
1740825445.5273492,-1.167833984375,-0.49325784301757813,1.1196728515625,-0.2113008052110672,-0.16767407953739166,0.010670654475688934,0.9628725051879883,-0.4478452228473086,-0.324028615117144,0.09657633798024778
1740825445.5372646,-1.127447509765625,-0.4947550964355469,1.1117843017578124,-0.1646265834569931,-0.16472429037094116,0.032652948051691055,0.9719556570053101,-0.3552789896005918,-0.3146233371797303,0.1241050803161358
1740825445.5472786,-1.08858154296875,-0.4971317749023437,1.1037354736328124,-0.16691330075263977,-0.15480588376522064,0.03368735685944557,0.973159909248352,-0.3579540727094746,-0.2942853901881399,0.12282006069349477
1740825445.5572815,-1.0482027587890625,-0.4989848327636719,1.0908134765625,-0.21901747584342957,-0.1472422182559967,0.02022164687514305,0.9643350839614868,-0.46180216901139204,-0.2787185600300032,0.10786159353674557
1740825445.5672455,-1.0145955810546874,-0.5009632873535156,1.0943931884765625,-0.151259645819664,-0.18140891194343567,0.03506556898355484,0.9710724353790283,-0.33219822467601023,-0.34874050051310707,0.1312357306512603
1740825445.57711,-0.9756865844726562,-0.5003617553710937,1.0873751220703125,-0.1526906043291092,-0.18153756856918335,0.039592236280441284,0.9706503748893738,-0.33685806511564836,-0.34726600767856236,0.14116567288794923
1740825445.5871565,-0.941026611328125,-0.5012620849609375,1.0896678466796874,-0.18536773324012756,-0.19771189987659454,0.027606161311268806,0.962178111076355,-0.4068869446723206,-0.3792604112664287,0.13651756159356226
1740825445.5970428,-0.9038722534179687,-0.5003235168457031,1.088662353515625,-0.1442308872938156,-0.2130006104707718,0.044846754521131516,0.9653066396713257,-0.33037642019547897,-0.4096466658947346,0.16208506999824945
1740825445.6071289,-0.86824169921875,-0.49838278198242186,1.0897557373046876,-0.1595822274684906,-0.22335369884967804,0.0415966659784317,0.9606853723526001,-0.36568250177102823,-0.4288982243125239,0.16704486638185662
1740825445.6171837,-0.8325142822265625,-0.49885403442382814,1.09263671875,-0.1679668128490448,-0.23322974145412445,0.03757217898964882,0.9570680856704712,-0.3857870955225704,-0.4487190467872514,0.16756146496578314
1740825445.6271474,-0.79647705078125,-0.49709051513671876,1.09545068359375,-0.17307643592357635,-0.24150879681110382,0.04087497293949127,0.9539639949798584,-0.4018710161755647,-0.4629979132588115,0.18159585161003933
1740825445.6371326,-0.7604338989257813,-0.4943595581054688,1.0971177978515625,-0.1682567149400711,-0.24721911549568176,0.04772794246673584,0.9530448317527771,-0.3970378740966312,-0.47255268177457505,0.19687177962696883
1740825445.6470597,-0.7216359252929687,-0.4931843872070312,1.098573486328125,-0.18121694028377533,-0.2348606437444687,0.049914419651031494,0.9536820650100708,-0.42112856961738576,-0.4443533054539963,0.20107380670094557
1740825445.6569989,-0.6795137939453125,-0.4923027648925781,1.090694580078125,-0.20791970193386078,-0.21862632036209106,0.04289638251066208,0.9524346590042114,-0.46934755351702945,-0.41000791139934156,0.18935561327093442
1740825445.6669848,-0.6409754028320312,-0.4917391357421875,1.08673046875,-0.21286062896251678,-0.21252331137657166,0.046996619552373886,0.952531099319458,-0.4791187726059618,-0.3950590309612741,0.19628758290575596
1740825445.6769853,-0.602081787109375,-0.4898981018066406,1.08050439453125,-0.17912495136260986,-0.20786871016025543,0.06499513238668442,0.9594167470932007,-0.4115357085811172,-0.3850235249976322,0.21660788180357582
1740825445.6872926,-0.5623245849609375,-0.4893663024902344,1.07183251953125,-0.2128780484199524,-0.1959223449230194,0.05925830081105232,0.9553982615470886,-0.47671431752796795,-0.3566512165053209,0.21142293904566337
1740825445.6972015,-0.5271175537109375,-0.48743731689453124,1.07064013671875,-0.21398140490055084,-0.21551039814949036,0.05805320292711258,0.9509979486465454,-0.4871485342318894,-0.3952677025259352,0.22138218971567006
1740825445.7072961,-0.4918103332519531,-0.48563198852539063,1.06998193359375,-0.1452711820602417,-0.2289579063653946,0.08368425816297531,0.9588907957077026,-0.3557482309766131,-0.4276981687211282,0.25214610134112375
1740825445.717066,-0.4557422790527344,-0.4828138427734375,1.0686170654296876,-0.1930660605430603,-0.23280069231987,0.06863949447870255,0.9506934285163879,-0.4543250541738948,-0.42919642515534534,0.24482483458140145
1740825445.7272003,-0.421837890625,-0.479779296875,1.072352294921875,-0.18132691085338593,-0.2497549057006836,0.07675720751285553,0.9480777382850647,-0.44108620915999375,-0.4619983267083458,0.2669295512737366
1740825445.7370617,-0.386515625,-0.47483401489257815,1.0722381591796875,-0.16302937269210815,-0.25490298867225647,0.08891330659389496,0.9489680528640747,-0.40969228697987164,-0.47214606114220165,0.28671791994906676
1740825445.7472231,-0.3525911560058594,-0.47058123779296873,1.0753502197265625,-0.17693102359771729,-0.26178860664367676,0.08519818633794785,0.94493567943573,-0.4422555460391142,-0.48318100616954174,0.2905112773098916
1740825445.7570746,-0.31816079711914064,-0.46713742065429686,1.0793919677734376,-0.18094836175441742,-0.26837238669395447,0.08562284708023071,0.9422858953475952,-0.45524681337319667,-0.49471448565187354,0.29809388740626763
1740825445.7672927,-0.2832636413574219,-0.46081842041015625,1.082284423828125,-0.17657031118869781,-0.27125388383865356,0.09517505019903183,0.9413745403289795,-0.45227586727807956,-0.49734377749885017,0.31823093361365273
1740825445.7771795,-0.2490631103515625,-0.45476144409179686,1.085649658203125,-0.1873970627784729,-0.2733106017112732,0.0960068479180336,0.938598096370697,-0.47797414802665056,-0.4973232976736289,0.3274387690122704
1740825445.7871013,-0.21371351623535156,-0.4496561889648438,1.0903717041015626,-0.19220317900180817,-0.2661667466163635,0.10126736015081406,0.9391262531280518,-0.4865302859654545,-0.4791223688139064,0.3359214923296283
1740825445.797144,-0.17241976928710936,-0.4453254699707031,1.0834046630859375,-0.21289008855819702,-0.2461548000574112,0.09640900045633316,0.940633237361908,-0.5168308572587368,-0.4356874718688111,0.32116118727461546
1740825445.8071346,-0.13508998107910156,-0.4409463806152344,1.08091259765625,-0.2237439751625061,-0.23680604994297028,0.09906474500894547,0.9402381181716919,-0.5357670450089165,-0.41258403202293353,0.32470269082647235
1740825445.8169332,-0.09805507659912109,-0.436598876953125,1.07735791015625,-0.19039705395698547,-0.22842951118946075,0.1178211197257042,0.9474635124206543,-0.4666048080779584,-0.39845155587249437,0.34332150358406266
1740825445.82703,-0.06071195602416992,-0.43167938232421876,1.0716058349609374,-0.22326447069644928,-0.21708983182907104,0.11178449541330338,0.9436785578727722,-0.5278138620803111,-0.3680653420068455,0.33632155382528345
1740825445.8371072,-0.023727994918823242,-0.42658468627929685,1.0655948486328124,-0.24114097654819489,-0.2199612557888031,0.10778656601905823,0.9390687346458435,-0.5663095347620071,-0.3694836497320372,0.3372031454761447
1740825445.8472016,0.0074130878448486325,-0.4227364196777344,1.069701904296875,-0.19418562948703766,-0.23886464536190033,0.12252458930015564,0.9435164928436279,-0.48293504947990856,-0.4149677590217314,0.36186835173228
1740825445.8572922,0.04250520706176758,-0.4154771728515625,1.0675517578125,-0.1758100539445877,-0.2409546971321106,0.13618117570877075,0.9447149634361267,-0.4506960059356619,-0.41958662447471556,0.38387447406400743
1740825445.8670235,0.07388115692138672,-0.41009915161132815,1.0711435546875,-0.2182796746492386,-0.25319942831993103,0.11829579621553421,0.9350134134292603,-0.5425010295917008,-0.43548105906956003,0.3746036803783877
1740825445.8769522,0.10727116394042968,-0.4025576171875,1.0729708251953125,-0.19683629274368286,-0.260987251996994,0.13111770153045654,0.9359216094017029,-0.5071600313223863,-0.45216033051161625,0.39745632644053663
1740825445.8871877,0.13861154174804688,-0.39374786376953125,1.0753262939453125,-0.18728458881378174,-0.2655130922794342,0.14051590859889984,0.9352446794509888,-0.49410211892675193,-0.46006512680138434,0.4162428658732864
1740825445.8971617,0.170463623046875,-0.38591204833984377,1.078968505859375,-0.20618680119514465,-0.2713406980037689,0.1343342512845993,0.930492103099823,-0.5365580942836823,-0.4662781210181631,0.41712862886503266
1740825445.9072187,0.20273626708984374,-0.37844314575195315,1.08304931640625,-0.2190224677324295,-0.2765675485134125,0.12852439284324646,0.9268338680267334,-0.5659013022863555,-0.47390555026928083,0.41578006844206056
1740825445.917023,0.23454096984863282,-0.36900485229492186,1.0879864501953125,-0.22771406173706055,-0.2820481061935425,0.1283983588218689,0.9230974912643433,-0.5892912715827174,-0.480519154021418,0.42484344842871347
1740825445.927041,0.26959783935546877,-0.35971115112304686,1.08991455078125,-0.190938800573349,-0.2687850296497345,0.15681582689285278,0.9309703707695007,-0.5120079915036999,-0.45624167440540886,0.4551401046744036
1740825445.9371097,0.3082049560546875,-0.3526952819824219,1.08380859375,-0.25789061188697815,-0.2534189522266388,0.12815946340560913,0.9234968423843384,-0.6324674984188858,-0.4136574302495994,0.41289442506324264
1740825445.947058,0.3428758544921875,-0.3440825805664062,1.08271484375,-0.22281265258789062,-0.24928072094917297,0.15262354910373688,0.9300106167793274,-0.563457409710361,-0.4067803927124349,0.4445615987444969
1740825445.9570603,0.377068359375,-0.3351516418457031,1.0796241455078126,-0.2363164871931076,-0.24077430367469788,0.15359275043010712,0.9287580251693726,-0.5862207074064397,-0.38401833886656417,0.444991277371413
1740825445.9672384,0.41300296020507815,-0.32779788208007815,1.073425048828125,-0.2570914626121521,-0.23576444387435913,0.1501641720533371,0.925078272819519,-0.6254896244860504,-0.3671847652331503,0.4417844451450238
1740825445.9771473,0.44686465454101565,-0.3194908752441406,1.0693612060546875,-0.24867476522922516,-0.24570490419864655,0.15470269322395325,0.9240438342094421,-0.616642997552245,-0.3867094503349811,0.45631678289952987
1740825445.9872324,0.4766746215820313,-0.3108023986816406,1.072084716796875,-0.20826102793216705,-0.25806984305381775,0.1705169826745987,0.9278745651245117,-0.5464847736572431,-0.42014059322795505,0.4828539507614868
1740825445.9971979,0.5088608093261718,-0.29984063720703125,1.0714130859375,-0.18647944927215576,-0.2636646032333374,0.1858612596988678,0.9279881119728088,-0.5113731877640725,-0.4334856986977342,0.5103356547480451
1740825446.0073884,0.5382774658203126,-0.289587890625,1.0740689697265624,-0.22451239824295044,-0.2780161201953888,0.17121608555316925,0.9181428551673889,-0.5982236530524586,-0.448524828656867,0.5091701295722159
1740825446.0172596,0.5692908935546875,-0.2785138854980469,1.07574072265625,-0.21341148018836975,-0.2852313816547394,0.17958742380142212,0.916977047920227,-0.5846272206137928,-0.4627932238182987,0.5283721902264039
1740825446.0273266,0.5986243896484374,-0.26663153076171875,1.079201904296875,-0.21968573331832886,-0.28923067450523376,0.18257591128349304,0.9136464595794678,-0.6031428897676397,-0.4648519969400573,0.5414606875252601
1740825446.0371072,0.6283932495117187,-0.2536436004638672,1.0821033935546875,-0.2172599732875824,-0.2941429615020752,0.18864805996418,0.9114219546318054,-0.605411583660965,-0.47148003284091705,0.5579540926082149
1740825446.0472085,0.65813525390625,-0.2412840576171875,1.0862509765625,-0.21739976108074188,-0.29833269119262695,0.19303345680236816,0.9091055989265442,-0.6118562885330644,-0.4763077238776157,0.5715014353721771
1740825446.057151,0.68702685546875,-0.22748448181152345,1.09057177734375,-0.21855345368385315,-0.30220064520835876,0.19819329679012299,0.9064372777938843,-0.6206289784884281,-0.4793699335441611,0.5869410874300242
1740825446.0670764,0.7196114501953125,-0.2146900634765625,1.092778076171875,-0.2089843451976776,-0.2870005667209625,0.21273662149906158,0.9103292226791382,-0.59168864138601,-0.4484982326969195,0.5979563615259312
1740825446.076981,0.7556819458007813,-0.20235345458984375,1.086676025390625,-0.2474886178970337,-0.27634331583976746,0.19935469329357147,0.9069958329200745,-0.6570893069054989,-0.41436466685556905,0.5757814180226623
1740825446.0871155,0.78863916015625,-0.19037271118164062,1.0845064697265625,-0.2388208955526352,-0.26777052879333496,0.20999696850776672,0.9094859957695007,-0.6348044196267725,-0.39711967085576205,0.5858462378443053
1740825446.097252,0.8210261840820312,-0.17752232360839842,1.080559326171875,-0.22722069919109344,-0.2562533915042877,0.22263142466545105,0.9127651453018188,-0.6046602401589217,-0.37537924079311696,0.5968087804848766
1740825446.1070585,0.852935791015625,-0.16425506591796876,1.0763275146484375,-0.2578323483467102,-0.2570621073246002,0.2185259461402893,0.9053661823272705,-0.6674875255828722,-0.3605453538426912,0.5998851934974394
1740825446.1171265,0.886931884765625,-0.15178765869140626,1.067796142578125,-0.25860875844955444,-0.2560645043849945,0.22162897884845734,0.9046729207038879,-0.6691848719536032,-0.3561611188849039,0.6054886817925011
1740825446.1272879,0.912980224609375,-0.14029750061035157,1.072328369140625,-0.21913014352321625,-0.272773414850235,0.23627503216266632,0.9065046906471252,-0.6085691004880258,-0.40170783780920294,0.6376439739364946
1740825446.137089,0.9440157470703125,-0.12491436767578125,1.068585205078125,-0.1923546940088272,-0.26951152086257935,0.2572411596775055,0.9078491926193237,-0.5585652632727613,-0.4010536046627179,0.6686774675333101
1740825446.1470854,0.9707927856445312,-0.11171479034423829,1.0714910888671876,-0.22582660615444183,-0.28657278418540955,0.24291609227657318,0.8988159894943237,-0.639004378227186,-0.4174585366321261,0.6678359357209158
1740825446.1571572,0.9991439819335938,-0.09617257690429687,1.0720272216796876,-0.1945740133523941,-0.29038846492767334,0.26280316710472107,0.8993052840232849,-0.5869380504596101,-0.4334744385593671,0.7015129117645854
1740825446.1672018,1.02492431640625,-0.08024137878417968,1.074768310546875,-0.19776345789432526,-0.29556241631507874,0.2674199342727661,0.8955551385879517,-0.6010934670130487,-0.4374302975803321,0.7179202781157921
1740825446.1771293,1.052060546875,-0.06314389419555665,1.0763607177734376,-0.19576670229434967,-0.2988172769546509,0.2739265561103821,0.8929433822631836,-0.6034695097254232,-0.44051175344348237,0.7344489663802449
1740825446.1872146,1.079074462890625,-0.047692955017089846,1.079586669921875,-0.2075231671333313,-0.30444660782814026,0.2702794075012207,0.8894916772842407,-0.6323233583231243,-0.4438581663204838,0.7373514696890123
1740825446.1969917,1.10674365234375,-0.03046934127807617,1.081523193359375,-0.2142665833234787,-0.30445343255996704,0.2732641100883484,0.8869749903678894,-0.6473801834333742,-0.4367341764989987,0.7463359823044551
1740825446.2071862,1.1311988525390626,-0.01333668327331543,1.0864781494140625,-0.22682197391986847,-0.3088042736053467,0.2722286581993103,0.8826569318771362,-0.6776998877933449,-0.4352549418610189,0.7538831838086638
1740825446.2172828,1.1645361328125,0.004668322086334229,1.0806922607421876,-0.216773122549057,-0.2858966290950775,0.2879386246204376,0.8878985643386841,-0.6371600592345983,-0.39288989151966447,0.7582689154596476
1740825446.2269857,1.19585546875,0.02082489585876465,1.07652099609375,-0.265532523393631,-0.28391605615615845,0.2715228796005249,0.8804314136505127,-0.7278477410313687,-0.3637067277295329,0.7381372869098071
1740825446.2370615,1.224441162109375,0.039181621551513675,1.0727198486328124,-0.22184018790721893,-0.26885122060775757,0.3028385639190674,0.8870145082473755,-0.6338182629849,-0.34966845574503086,0.7737414023720539
1740825446.2472043,1.2531171875,0.055433765411376956,1.0673890380859374,-0.2554917335510254,-0.2675999402999878,0.29361432790756226,0.8814220428466797,-0.6966401536210058,-0.3275295825807406,0.7629724182828671
1740825446.2570593,1.2838497314453126,0.07144306945800781,1.060537353515625,-0.2617226541042328,-0.2650456428527832,0.295956015586853,0.8795806169509888,-0.7070338003227091,-0.3166040986014586,0.7668317642787882
1740825446.26699,1.31103466796875,0.08740099334716797,1.0559677734375,-0.2563250660896301,-0.27342545986175537,0.3003607392311096,0.8771085739135742,-0.7066628049316038,-0.33171778070073465,0.7831736911693208
1740825446.2770371,1.33636083984375,0.10551703643798828,1.0541512451171875,-0.2266114503145218,-0.27588555216789246,0.31613674759864807,0.8789721131324768,-0.6554219815117831,-0.34873688418170107,0.8101537917841833
1740825446.2871783,1.3620966796875,0.12311148834228515,1.053159912109375,-0.19925732910633087,-0.27898141741752625,0.3343934416770935,0.8778649568557739,-0.6115755994447112,-0.3645782994325316,0.8441500018552006
1740825446.297083,1.3853294677734376,0.14294580078125,1.0523807373046874,-0.21684272587299347,-0.2919576168060303,0.333774596452713,0.8696749210357666,-0.6610613705208305,-0.3715533866187308,0.8617088260764945
1740825446.307382,1.4099381103515625,0.16224382019042968,1.0509302978515624,-0.21313072741031647,-0.2963902950286865,0.33830732107162476,0.8673385977745056,-0.660863994357425,-0.3789381034297142,0.8751701678633621
1740825446.3169389,1.4341690673828125,0.18196998596191405,1.0518070068359375,-0.20631232857704163,-0.29790011048316956,0.34655293822288513,0.8652120232582092,-0.6525077888848154,-0.38169843864446856,0.8924964661439109
1740825446.3272185,1.4569632568359374,0.2021123504638672,1.052519775390625,-0.2101481407880783,-0.30428048968315125,0.34850984811782837,0.861273467540741,-0.6687345472435643,-0.3872678917619875,0.9050466016180267
1740825446.337029,1.4801485595703125,0.223839599609375,1.0526966552734376,-0.20470313727855682,-0.30374568700790405,0.3568822145462036,0.8593429327011108,-0.6606566883215563,-0.3854040706042027,0.9208595490777585
1740825446.3472254,1.5037911376953126,0.24504104614257813,1.0528203125,-0.20806412398815155,-0.30376699566841125,0.36143389344215393,0.8566215634346008,-0.6688167773048186,-0.37903469670075096,0.9316355240416005
1740825446.357176,1.5254615478515625,0.2659439697265625,1.0561640625,-0.22510036826133728,-0.30876097083091736,0.35797151923179626,0.8519700169563293,-0.7068008856408795,-0.3735803078878846,0.9347525807609319
1740825446.3672562,1.5551748046875,0.28916741943359375,1.047750732421875,-0.2286427915096283,-0.28814056515693665,0.36666208505630493,0.8545504212379456,-0.6900636083826652,-0.3307917875935644,0.9304679300293792
1740825446.3770742,1.5807747802734375,0.31036041259765623,1.041798828125,-0.2540457546710968,-0.28804144263267517,0.36178481578826904,0.8494731187820435,-0.7371405463343496,-0.3105130039923247,0.9260060225883349
1740825446.3872302,1.6065596923828125,0.3317247314453125,1.036343994140625,-0.23809842765331268,-0.27473169565200806,0.3774864673614502,0.8516663908958435,-0.6946765778794772,-0.2923482419686834,0.9409181393720466
1740825446.3971646,1.631806884765625,0.35368234252929687,1.0285908203125,-0.2462974488735199,-0.26688268780708313,0.38444891571998596,0.8487108945846558,-0.7025092277239549,-0.26678851142457977,0.9489281526030379
1740825446.4071534,1.6585989990234375,0.3746557922363281,1.0182554321289063,-0.2519470751285553,-0.26299357414245605,0.38919129967689514,0.8461011648178101,-0.7096454686775066,-0.251572347900496,0.9558824423983113
1740825446.4170465,1.681858642578125,0.39529827880859375,1.0135765991210937,-0.2615199685096741,-0.27817580103874207,0.38593679666519165,0.839808464050293,-0.7454310261096612,-0.26858604638921774,0.9670924428432361
1740825446.4273016,1.703620361328125,0.4176176452636719,1.009428955078125,-0.18958911299705505,-0.26344311237335205,0.423463374376297,0.8457732796669006,-0.6032906439650025,-0.28906715342396516,1.018896019266441
1740825446.437031,1.7249237060546876,0.44001791381835936,1.0060851440429688,-0.2035277783870697,-0.2756021022796631,0.4204448163509369,0.8401464819908142,-0.6433399560339096,-0.296262797879007,1.027377134219081
1740825446.4470553,1.744992431640625,0.4626383972167969,1.0034998779296875,-0.22049634158611298,-0.2905481457710266,0.41676074266433716,0.8326305747032166,-0.692931795048906,-0.3047451581800594,1.0389188191897876
1740825446.4572446,1.7659197998046876,0.4856479797363281,1.0016017456054687,-0.19926725327968597,-0.29124268889427185,0.4285898506641388,0.8317337036132812,-0.6585967110277416,-0.3190502575995922,1.0614766870618366
1740825446.467246,1.7849124755859376,0.510211669921875,0.9989338989257812,-0.18719668686389923,-0.28894442319869995,0.44161733984947205,0.8285183310508728,-0.6377679430905892,-0.318827012689487,1.0854900566353152
1740825446.4772182,1.8033519287109374,0.5342796020507813,0.9971611938476562,-0.1898864507675171,-0.29500916600227356,0.44435808062553406,0.8242928385734558,-0.6518151269861961,-0.3231896764351862,1.0989124257907965
1740825446.487337,1.822773193359375,0.5596351928710938,0.995607421875,-0.19376426935195923,-0.2986131012439728,0.4475099444389343,0.8203782439231873,-0.6648028857740135,-0.3220675848657117,1.11078632740566
1740825446.496997,1.841744140625,0.58444189453125,0.9943412475585938,-0.20641690492630005,-0.3048515021800995,0.4464729130268097,0.8155485987663269,-0.6959293592981185,-0.31826938671661925,1.1180652887838318
1740825446.507191,1.8581546630859376,0.610315185546875,0.9949766235351563,-0.22325317561626434,-0.3155113458633423,0.4436284303665161,0.8085817098617554,-0.7405431513683975,-0.31745580924707156,1.1277269156873992
1740825446.5172362,1.880559326171875,0.6376958618164063,0.9869952392578125,-0.19333238899707794,-0.28443020582199097,0.4725629687309265,0.8114224076271057,-0.651821447123296,-0.2826095416193194,1.1508163818581367
1740825446.5272288,1.903411865234375,0.6634346923828125,0.9776468505859375,-0.2536487579345703,-0.29617688059806824,0.45007970929145813,0.8033491373062134,-0.7695313986388373,-0.250143050452073,1.1231025029171786
1740825446.5370808,1.9239990234375,0.6896483764648438,0.970650390625,-0.23309072852134705,-0.28135910630226135,0.46852901577949524,0.8043546080589294,-0.7166933983161203,-0.23640120258853997,1.143783126263817
1740825446.54717,1.9447059326171876,0.7157299194335938,0.960725830078125,-0.22642388939857483,-0.26817214488983154,0.4808691740036011,0.8034803867340088,-0.6898154362372747,-0.21483025271871078,1.1560474998198842
1740825446.557069,1.9653653564453124,0.7412444458007813,0.9508854370117188,-0.2548002302646637,-0.27464792132377625,0.474554181098938,0.7965197563171387,-0.7473802037046081,-0.1969629984200848,1.1520722807800596
1740825446.5672176,1.9879539794921874,0.7667415771484375,0.93721337890625,-0.24534298479557037,-0.26599106192588806,0.4853690266609192,0.7959098815917969,-0.721052560946749,-0.18632223718469584,1.165649941965343
1740825446.5770948,2.0034840087890626,0.7912573852539062,0.9357219848632813,-0.22912195324897766,-0.27893802523612976,0.4914776086807251,0.792556881904602,-0.7114279974668467,-0.21867041935999226,1.1916797454062769
1740825446.5872056,2.0215869140625,0.8187001953125,0.9260975341796875,-0.1764434427022934,-0.25553053617477417,0.5225441455841064,0.7940525412559509,-0.5958241395457378,-0.2232605037988557,1.2328695035630792
1740825446.5971363,2.0365234375,0.8449132690429687,0.9228089599609375,-0.20421722531318665,-0.2800529897212982,0.5134499073028564,0.7850062847137451,-0.675081884480874,-0.2320531009637188,1.2402297599821732
1740825446.6070273,2.05334033203125,0.87215087890625,0.9167982177734375,-0.20283587276935577,-0.28305014967918396,0.517389714717865,0.7816956639289856,-0.6779701595487596,-0.23477869669164775,1.2524809822108873
1740825446.6170838,2.067783447265625,0.8998646240234375,0.9130011596679688,-0.19936925172805786,-0.28660592436790466,0.5223830938339233,0.7779619693756104,-0.6784913588941726,-0.23993837896744175,1.267678817364274
1740825446.627035,2.082005859375,0.9279530639648438,0.908242431640625,-0.17529161274433136,-0.27873504161834717,0.5378564596176147,0.7760735154151917,-0.6307534548146887,-0.246565012009525,1.2929022069441272
1740825446.6371727,2.095627197265625,0.9561787719726562,0.9056658325195313,-0.18225878477096558,-0.2878676950931549,0.5380868911743164,0.7709581255912781,-0.6558483157376529,-0.2503321288867632,1.3042518776263714
1740825446.6470807,2.108682373046875,0.9859922485351562,0.9009046630859375,-0.1805153340101242,-0.28719791769981384,0.5467510223388672,0.7655030488967896,-0.6542407244176379,-0.24474390512598518,1.3238479999847754
1740825446.657088,2.121294189453125,1.0150977783203126,0.8977760009765625,-0.19549325108528137,-0.2987925708293915,0.5439493060112,0.7593579888343811,-0.69561883914621,-0.24350346717119525,1.3318632499170908
1740825446.667315,2.134573486328125,1.045994140625,0.894316650390625,-0.19818942248821259,-0.2900526523590088,0.5543083548545837,0.7545413970947266,-0.689220880417016,-0.21976199500360863,1.3463397851720023
1740825446.6772125,2.1527177734375,1.07767822265625,0.880291748046875,-0.22411291301250458,-0.2844775915145874,0.5516682267189026,0.7513375282287598,-0.7227802647629984,-0.18119529855413707,1.3353381844046754
1740825446.6872425,2.168209228515625,1.1077061767578125,0.8710343627929688,-0.2368859499692917,-0.2831490933895111,0.5543088912963867,0.7459579706192017,-0.7423306307109412,-0.160506958181658,1.340703414986671
1740825446.697116,2.183729736328125,1.138202392578125,0.8599191284179688,-0.2209608256816864,-0.26302120089530945,0.5708107948303223,0.7457688450813293,-0.6894482542639148,-0.14051432524089785,1.3570934532652512
1740825446.7072315,2.19813818359375,1.16759375,0.848078369140625,-0.23944059014320374,-0.26689326763153076,0.571264922618866,0.7383038997650146,-0.7252587411301823,-0.12082239891606925,1.3629499099003388
1740825446.7170804,2.21524658203125,1.1980286865234375,0.83186962890625,-0.24578306078910828,-0.26141855120658875,0.5768147110939026,0.7338500022888184,-0.7283806567103244,-0.10030957224535778,1.3705711180004574
1740825446.7271383,2.22760546875,1.2261163330078124,0.8263031005859375,-0.23631736636161804,-0.276350736618042,0.577766478061676,0.7307326793670654,-0.734832024357172,-0.13118043482582284,1.3886009362417484
1740825446.737069,2.239154052734375,1.25671875,0.816065185546875,-0.17476391792297363,-0.2461196780204773,0.612531304359436,0.7305395603179932,-0.5978248421678728,-0.14602195618645883,1.4405858826202613
1740825446.7470698,2.249752197265625,1.2863714599609375,0.8090805053710938,-0.1995936781167984,-0.27043211460113525,0.6046910285949707,0.7220647931098938,-0.6716206414393378,-0.14971265625314345,1.4466623313333375
1740825446.7572308,2.259810791015625,1.316806884765625,0.8025409545898438,-0.19393132627010345,-0.27792736887931824,0.6101167798042297,0.716173529624939,-0.6752774447965094,-0.16215665016661387,1.4682459359427726
1740825446.7670827,2.26911376953125,1.3472081298828125,0.7971423950195312,-0.17778466641902924,-0.27915507555007935,0.6185901761054993,0.7126087546348572,-0.6541100783073375,-0.17885708555606902,1.4905950859894102
1740825446.7770262,2.277285400390625,1.3786597900390625,0.7898336791992188,-0.16163301467895508,-0.27419552206993103,0.6305813193321228,0.7078550457954407,-0.6244480901424156,-0.18539609142754188,1.5154521324358632
1740825446.7872844,2.284842041015625,1.4096556396484374,0.7852095336914062,-0.16725154221057892,-0.288470983505249,0.6279715895652771,0.7031806707382202,-0.6551685661765357,-0.19690595396869628,1.5250238632698285
1740825446.797206,2.292932861328125,1.4415706787109375,0.780171875,-0.16751410067081451,-0.293817400932312,0.6306123733520508,0.6985258460044861,-0.6648751853322477,-0.20054677349678868,1.5381373785516712
1740825446.80723,2.300029541015625,1.47396533203125,0.7752013549804687,-0.17331911623477936,-0.30380409955978394,0.6315129995346069,0.6919934153556824,-0.6901457620202102,-0.20294455212019363,1.5526338019592052
1740825446.8171694,2.305064453125,1.506318115234375,0.7701857299804687,-0.1815149188041687,-0.314683198928833,0.6318767666816711,0.6846594214439392,-0.7205102884468437,-0.2029008563758086,1.5673124263385982
1740825446.8271961,2.31256103515625,1.5400975341796874,0.7629926147460937,-0.1749359518289566,-0.29572394490242004,0.6459636092185974,0.6816713213920593,-0.6822307630393944,-0.17810873428322074,1.5803915208709405
1740825446.8370612,2.3242119140625,1.5744293212890625,0.748837646484375,-0.21641825139522552,-0.3105853796005249,0.6300890445709229,0.678002655506134,-0.764988096835246,-0.14898039020517448,1.557600801325273
1740825446.8471794,2.332736083984375,1.608173583984375,0.7374371948242188,-0.2097855508327484,-0.29952526092529297,0.642288863658905,0.6736020445823669,-0.738885412193072,-0.13444042103626566,1.5753379983333327
1740825446.8571982,2.341263427734375,1.641794921875,0.7249705200195312,-0.1927318423986435,-0.2794179320335388,0.6574603915214539,0.6727004647254944,-0.6834476719511189,-0.12281051786360644,1.5916116625561854
1740825446.86719,2.35018798828125,1.6745137939453125,0.7120372924804688,-0.22154024243354797,-0.29495373368263245,0.6488451957702637,0.6655239462852478,-0.749692455851456,-0.10530139805157425,1.5868817057227875
1740825446.8772063,2.36009619140625,1.7081512451171874,0.6940300903320312,-0.21796710789203644,-0.28440383076667786,0.6577231884002686,0.6625745296478271,-0.7283880292357287,-0.0902759978202623,1.597880578662129
1740825446.887124,2.365869384765625,1.73924658203125,0.689460205078125,-0.19140790402889252,-0.2905210852622986,0.6633360385894775,0.6625298261642456,-0.700513092452339,-0.13140005085506912,1.6200753578409677
1740825446.8971481,2.3713515625,1.772660400390625,0.6771484985351562,-0.15144044160842896,-0.26275986433029175,0.6889353394508362,0.6583245396614075,-0.6026295183093725,-0.13773223623261843,1.6590953737218856
1740825446.9072266,2.374567138671875,1.8037471923828126,0.6706122436523437,-0.17101366817951202,-0.29066959023475647,0.6782291531562805,0.652894139289856,-0.6743966973651783,-0.14812106099500186,1.6608702027243714
1740825446.9170794,2.378178955078125,1.8376414794921876,0.6604423828125,-0.16111841797828674,-0.290724515914917,0.685486912727356,0.6477868556976318,-0.6621589691232342,-0.15640277537250427,1.6811912628972046
1740825446.9270668,2.381357177734375,1.8701943359375,0.6548136596679688,-0.16298776865005493,-0.30290570855140686,0.6828616857528687,0.6445021629333496,-0.6851053338144756,-0.16864889199851774,1.6888451500796886
1740825446.9371972,2.38244189453125,1.9036474609375,0.6475208740234375,-0.1445665806531906,-0.29489582777023315,0.6940715909004211,0.6406259536743164,-0.6486858479978442,-0.1780967227820116,1.7108598398809955
1740825446.9470406,2.3835869140625,1.9370635986328124,0.6422236328125,-0.14018437266349792,-0.30051565170288086,0.6955178380012512,0.6374116539955139,-0.6530153047141256,-0.18923020238595217,1.7221751709779891
1740825446.9570098,2.383150634765625,1.9714248046875,0.635514404296875,-0.14183562994003296,-0.30623650550842285,0.6988816857337952,0.6306077837944031,-0.6661293874818118,-0.18910264516579686,1.7390058314440173
1740825446.9671967,2.38268701171875,2.005975830078125,0.6297357177734375,-0.1449427455663681,-0.313485711812973,0.7007548809051514,0.6242282390594482,-0.6836131436451556,-0.1893643002893368,1.7537281617228988
1740825446.977063,2.37964892578125,2.0396748046875,0.6256109008789063,-0.15819714963436127,-0.3290790915489197,0.6976504921913147,0.6164125204086304,-0.728404608363154,-0.1860355430115871,1.765376672544976
1740825446.9872317,2.38188232421875,2.077569580078125,0.6126968994140625,-0.1580372154712677,-0.30481553077697754,0.7114796042442322,0.6131137609481812,-0.6874951822749964,-0.14944838096770707,1.7726298963189313
1740825446.997029,2.384529296875,2.114309814453125,0.5989356079101562,-0.19596423208713531,-0.32663145661354065,0.6970290541648865,0.6075034141540527,-0.7737268075861851,-0.1239913850814391,1.7584019478616368
1740825447.0072324,2.38512353515625,2.1494775390625,0.5872656860351563,-0.17586147785186768,-0.3011884093284607,0.7163654565811157,0.6043002605438232,-0.7051528308616426,-0.11229012418864828,1.781455746357483
1740825447.0170803,2.38616650390625,2.184687255859375,0.5729288940429688,-0.18379764258861542,-0.2944032549858093,0.7203052639961243,0.6005876660346985,-0.7042391858335676,-0.08896641804848227,1.7842779020754471
1740825447.0274756,2.38752099609375,2.220252197265625,0.5578244018554688,-0.19770623743534088,-0.3007623553276062,0.7192330956459045,0.5942710041999817,-0.7334120606782911,-0.0731401466776022,1.7886004717803172
1740825447.0370626,2.389113037109375,2.254830322265625,0.544705078125,-0.189130961894989,-0.30426380038261414,0.7223827838897705,0.5914525985717773,-0.7285909517837483,-0.08677418255210885,1.8025563607298907
1740825447.0471957,2.386704833984375,2.288010009765625,0.5366708984375,-0.14312802255153656,-0.2778850793838501,0.7450389862060547,0.5892462730407715,-0.6268347684062003,-0.11446336350694071,1.840399884852942
1740825447.0573545,2.38380029296875,2.322585693359375,0.5255874633789063,-0.12460286170244217,-0.26841792464256287,0.7573358416557312,0.5821239948272705,-0.5894552314273296,-0.12409082998784156,1.8686490331270835
1740825447.067089,2.37898095703125,2.355487060546875,0.51928173828125,-0.14011439681053162,-0.3024106025695801,0.7466585636138916,0.5756880640983582,-0.6673714398106352,-0.13940420454956148,1.8763493963023739
1740825447.0770364,2.375305908203125,2.389499267578125,0.5108115539550782,-0.12921074032783508,-0.30781686305999756,0.7499879002571106,0.5710267424583435,-0.6649337016661884,-0.15839179066543024,1.8948927951219003
1740825447.0872915,2.370213623046875,2.423313720703125,0.5043185119628906,-0.10547530651092529,-0.2972838282585144,0.7613276839256287,0.5664604902267456,-0.620263534522607,-0.17712119036035093,1.9191333306796339
1740825447.0971165,2.36416259765625,2.457102783203125,0.49841842651367185,-0.08466125279664993,-0.29138535261154175,0.7698423266410828,0.561488926410675,-0.5878426768540337,-0.19816203799732166,1.9414382046978285
1740825447.1072369,2.356737060546875,2.49038134765625,0.4929045715332031,-0.08669557422399521,-0.3084118366241455,0.7672980427742004,0.5555355548858643,-0.6218696527144931,-0.211191206013046,1.9563628592863413
1740825447.1171813,2.349028076171875,2.525152587890625,0.487014892578125,-0.08140368014574051,-0.3125232756137848,0.7709164023399353,0.5489904880523682,-0.6252091500057705,-0.21938944570609945,1.9751180476084018
1740825447.1271772,2.33981689453125,2.558823486328125,0.4803074645996094,-0.08661096543073654,-0.3225637376308441,0.7715466618537903,0.5414489507675171,-0.6507599640652605,-0.21736234182795983,1.9913543340498976
1740825447.1371958,2.329707763671875,2.59178759765625,0.477313720703125,-0.09984298050403595,-0.3483949899673462,0.7622183561325073,0.5363539457321167,-0.7134793235782403,-0.22337469994014153,1.9987641329968195
1740825447.1471884,2.322614501953125,2.62904052734375,0.46723046875,-0.08613074570894241,-0.31523656845092773,0.7827680706977844,0.5296050906181335,-0.6393652874687528,-0.20039963795286586,2.01846234520605
1740825447.1571813,2.31608203125,2.6663564453125,0.45082177734375,-0.1309230923652649,-0.34266072511672974,0.7661277651786804,0.5277225375175476,-0.7369037436493285,-0.16175640720439946,1.9977967422515932
1740825447.1672456,2.30896923828125,2.7017431640625,0.4411324157714844,-0.11246922612190247,-0.32159560918807983,0.7822695374488831,0.5215182304382324,-0.6796256012798588,-0.1601572579426084,2.0223041522153613
1740825447.1772861,2.301900634765625,2.736836669921875,0.42750283813476564,-0.1203332394361496,-0.3167479932308197,0.7853468656539917,0.5180935859680176,-0.6793908738624502,-0.13965707486742232,2.0246884984710007
1740825447.1872165,2.295200927734375,2.773890380859375,0.41243313598632814,-0.13153307139873505,-0.3158571124076843,0.7865232229232788,0.5141152739524841,-0.6900053185177968,-0.11814093536339858,2.02621118944564
1740825447.1971858,2.28895263671875,2.8096259765625,0.3956989440917969,-0.19378307461738586,-0.38030681014060974,0.7468740344047546,0.5098960995674133,-0.8779528306715805,-0.09853017189155895,1.9898340545172821
1740825447.2072885,2.279948974609375,2.842116943359375,0.38921475219726565,-0.15123607218265533,-0.3563726544380188,0.7683145999908447,0.5097243189811707,-0.7864948823564972,-0.13128667149827722,2.0246031499454786
1740825447.2171667,2.2692001953125,2.875209228515625,0.37698211669921877,-0.12408855557441711,-0.3331351578235626,0.7881285548210144,0.5024702548980713,-0.7157658181427253,-0.1396389118674065,2.0587446390523656
1740825447.2270546,2.2581142578125,2.907291015625,0.3711260375976563,-0.13393250107765198,-0.3660808503627777,0.7742365598678589,0.49860265851020813,-0.7884992948589745,-0.1583275518163615,2.0632948049925064
1740825447.2370658,2.245267333984375,2.940574951171875,0.3608168334960937,-0.11641468107700348,-0.3533089756965637,0.7876005172729492,0.4912289083003998,-0.7478762218114828,-0.1644751985525144,2.090923797276624
1740825447.2471058,2.201505126953125,2.96161865234375,0.3369994812011719,-0.09222349524497986,-0.31989747285842896,0.8414946794509888,0.425496369600296,-0.6701875191109331,-0.11728798954027178,2.2461720760184924
1740825447.2570896,2.18449560546875,2.99161279296875,0.32826025390625,-0.08784680813550949,-0.3237721621990204,0.8471773862838745,0.41200125217437744,-0.6755616112817766,-0.11822059524532869,2.2778677390874695
1740825447.267316,2.168939697265625,3.019959228515625,0.33052154541015627,0.5210829377174377,0.8016297817230225,0.230099618434906,-0.18142898380756378,2.927796628781563,-0.5594023009753893,2.0504251333897128
1740825447.2770863,2.192453125,3.070841552734375,0.3371158752441406,-0.08039979636669159,-0.3580370247364044,0.80038982629776,0.47404801845550537,-0.72653699278229,-0.21234327262439698,2.153138334737556
1740825447.2870927,2.176742919921875,3.103325439453125,0.33150320434570313,-0.08119899034500122,-0.36563214659690857,0.8003028035163879,0.4682256877422333,-0.7432940868771946,-0.21406019228124182,2.166571200692829
1740825447.2971137,2.159568359375,3.13527880859375,0.32414401245117186,-0.07894007861614227,-0.3653087615966797,0.8059864044189453,0.4590248763561249,-0.7425168877164038,-0.20965489972512003,2.188056881586248
1740825447.307189,2.109546142578125,3.150859619140625,0.30082806396484374,-0.09461353719234467,-0.3689097762107849,0.8406237363815308,0.3851046562194824,-0.7734195781681863,-0.1253973506709112,2.333543870512682
1740825447.3171217,2.099046875,3.189710693359375,0.2878865966796875,-0.12946797907352448,-0.39053642749786377,0.822849690914154,0.3919665515422821,-0.8442081795814972,-0.09322402765718989,2.294381016203361
1740825447.3273113,2.08139453125,3.223448486328125,0.2689827575683594,-0.12740975618362427,-0.3587340712547302,0.8453540205955505,0.3747708201408386,-0.7796342396399963,-0.0534989431839259,2.3289898830856104
1740825447.337029,2.098858154296875,3.27258056640625,0.2788905334472656,-0.12617401778697968,-0.3660871088504791,0.8105270266532898,0.4394386410713196,-0.7884012628520951,-0.11748078966443963,2.1968936125551295
1740825447.3471923,2.085917236328125,3.306145751953125,0.2672408447265625,-0.13709032535552979,-0.3726365864276886,0.806104838848114,0.4387974143028259,-0.8112725506048256,-0.10620514047193476,2.190258666172328
1740825447.3571236,2.0385489501953127,3.322329833984375,0.2301584777832031,-0.15245643258094788,-0.3722393810749054,0.8401499390602112,0.3637896478176117,-0.8278476958325295,-0.014661667643037677,2.3307698921171065
1740825447.3770924,2.038025146484375,3.402356201171875,0.23255996704101561,-0.09979338943958282,-0.3491378128528595,0.828170120716095,0.4269406199455261,-0.7334476116113946,-0.13322416770699286,2.240851253856154
1740825447.387212,2.0213038330078126,3.43301953125,0.22484214782714843,-0.09163162857294083,-0.3551444411277771,0.8295654654502869,0.4210667312145233,-0.7392328497885496,-0.14758533796244325,2.259480273551068
